{"cameraMode":{"drawMode":0,"name":"Shaded","section":"Shading Mode"},"sceneLighting":true,"audioPlay":false,"sceneViewState":{"m_AlwaysRefresh":true,"showFog":true,"showSkybox":true,"showFlares":true,"showImageEffects":true,"showParticleSystems":true,"showVisualEffectGraphs":true,"m_FxEnabled":true},"in2DMode":false,"pivot":{"x":3.4987354278564455,"y":-20.732479095458986,"z":-16.88178062438965},"rotation":{"x":-0.14148829877376557,"y":0.8582775592803955,"z":-0.36034533381462099,"w":-0.33697468042373659},"size":21.51211929321289,"orthographic":false}