{"cameraMode":{"drawMode":0,"name":"Shaded","section":"Shading Mode"},"sceneLighting":true,"audioPlay":false,"sceneViewState":{"m_AlwaysRefresh":true,"showFog":true,"showSkybox":true,"showFlares":true,"showImageEffects":true,"showParticleSystems":true,"showVisualEffectGraphs":true,"m_FxEnabled":true},"in2DMode":false,"pivot":{"x":1.3304903507232667,"y":-9.115367889404297,"z":-11.208467483520508},"rotation":{"x":-0.010408285073935986,"y":-0.9509380459785461,"z":0.30765432119369509,"w":-0.03224572911858559},"size":11.738418579101563,"orthographic":false}